category,title,brand,pack_size,unit,price_inr,inventory,short_description,aliases,image_path,image_url,image_source
Dairy Items,Amul Taaza Toned Milk 500ml,Amul,500ml,pack,28,200,Fresh toned milk pouch for daily tea and cooking,"milk,doodh,amul milk,toned milk,दूध",/media/catalog/amul-taaza-toned-milk.jpg,https://5.imimg.com/data5/YS/UL/EU/SELLER-23071838/shreemant-tetra-pack-taaza-milk-mokup-1000x1000.jpg,indiamart
Dairy Items,Amul Taaza Toned Milk 1L,Amul,1L,pack,54,200,1 litre toned milk pouch,"milk 1 litre,doodh 1L,amul 1L",/media/catalog/amul-taaza-toned-milk.jpg,https://5.imimg.com/data5/YS/UL/EU/SELLER-23071838/shreemant-tetra-pack-taaza-milk-mokup-1000x1000.jpg,indiamart
Dairy Items,Amul Gold Full Cream Milk 500ml,Amul,500ml,pack,33,150,Full cream milk richer taste,"full cream milk,cream milk,amul gold",/media/catalog/amul-gold-full-cream-milk.png,https://5.imimg.com/data5/SELLER/Default/2024/3/395059039/NV/DI/VQ/10040807/1l-full-cream-milk-1000x1000.png,indiamart
Dairy Items,Amul Gold Full Cream Milk 1L,Amul,1L,pack,66,150,1 litre full cream milk,"full cream 1L,amul gold 1L",/media/catalog/amul-gold-full-cream-milk.png,https://5.imimg.com/data5/SELLER/Default/2024/3/395059039/NV/DI/VQ/10040807/1l-full-cream-milk-1000x1000.png,indiamart
Dairy Items,Mother Dairy Toned Milk 500ml,Mother Dairy,500ml,pack,27,180,Everyday toned milk,"mother dairy milk,md milk",/media/catalog/mother-dairy-toned-milk.jpg,https://5.imimg.com/data5/SELLER/Default/2021/7/GM/DD/LP/23071838/shreemant-sweetened-condensed-milk-1000x1000.jpg,indiamart
Dairy Items,Mother Dairy Toned Milk 1L,Mother Dairy,1L,pack,52,180,1 litre Mother Dairy toned milk,mother dairy 1L,/media/catalog/mother-dairy-toned-milk.jpg,https://5.imimg.com/data5/SELLER/Default/2021/7/GM/DD/LP/23071838/shreemant-sweetened-condensed-milk-1000x1000.jpg,indiamart
Dairy Items,Amul Butter 100g,Amul,100g,pack,58,120,Salted table butter,"butter,makhan,amul butter,मक्खन",/media/catalog/amul-butter.jpg,https://5.imimg.com/data5/SELLER/Default/2026/1/579217634/UC/NT/XI/3929479/amul-unsalted-butter-1000x1000.jpg,indiamart
Dairy Items,Amul Butter 500g,Amul,500g,pack,285,80,Family pack salted butter,"butter 500g,makhan 500",/media/catalog/amul-butter.jpg,https://5.imimg.com/data5/SELLER/Default/2026/1/579217634/UC/NT/XI/3929479/amul-unsalted-butter-1000x1000.jpg,indiamart
Dairy Items,Amul Butter 1kg,Amul,1kg,pack,560,50,Bulk salted butter pack,"butter 1kg,makhan 1kg",/media/catalog/amul-butter.jpg,https://5.imimg.com/data5/SELLER/Default/2026/1/579217634/UC/NT/XI/3929479/amul-unsalted-butter-1000x1000.jpg,indiamart
Dairy Items,Amul Cheese Cubes 200g,Amul,200g,pack,125,100,Processed cheese cubes,"cheese,cheese cubes,paneer cheese",/media/catalog/amul-cheese-cubes.jpg,https://5.imimg.com/data5/SELLER/Default/2022/4/VN/GE/CQ/1442638/40109320-2-6-amul-cheese-cubes-1000x1000.jpg,indiamart
Dairy Items,Amul Cheese Slices 100g,Amul,100g,pack,85,100,Cheese slices for sandwiches,"cheese slice,sandwich cheese",/media/catalog/amul-cheese-slices.jpg,https://5.imimg.com/data5/SELLER/Default/2025/6/515944657/NW/TK/TA/64777463/amul-mozzarella-diced-cheese-1kg-1000x1000.jpeg,indiamart
Dairy Items,Amul Cheese Slices 200g,Amul,200g,pack,165,80,Double pack cheese slices,cheese slices 200,/media/catalog/amul-cheese-slices.jpg,https://5.imimg.com/data5/SELLER/Default/2025/6/515944657/NW/TK/TA/64777463/amul-mozzarella-diced-cheese-1kg-1000x1000.jpeg,indiamart
Dairy Items,Amul Paneer 200g,Amul,200g,pack,95,100,Fresh cottage cheese block,"paneer,cottage cheese,पनीर",/media/catalog/amul-paneer.png,https://5.imimg.com/data5/SELLER/Default/2026/6/615268731/IB/VK/NC/9049969/1-kg-amul-fresh-malai-paneer-1000x1000.png,indiamart
Dairy Items,Amul Paneer 500g,Amul,500g,pack,225,70,Family paneer pack,paneer 500g,/media/catalog/amul-paneer.png,https://5.imimg.com/data5/SELLER/Default/2026/6/615268731/IB/VK/NC/9049969/1-kg-amul-fresh-malai-paneer-1000x1000.png,indiamart
Dairy Items,Amul Paneer 1kg,Amul,1kg,pack,430,40,Bulk paneer for cooking,paneer 1kg,/media/catalog/amul-paneer.png,https://5.imimg.com/data5/SELLER/Default/2026/6/615268731/IB/VK/NC/9049969/1-kg-amul-fresh-malai-paneer-1000x1000.png,indiamart
Dairy Items,Amul Lassi Sweet 200ml,Amul,200ml,bottle,20,120,Sweet ready-to-drink lassi,"lassi,sweet lassi,छाछ",/media/catalog/amul-lassi-sweet.png,https://5.imimg.com/data5/SELLER/Default/2025/11/560129352/YO/AI/BG/47294185/180ml-amul-sugar-free-sweet-lassi-1000x1000.png,indiamart
Fruits and Vegetables,Onion 1kg,Local,1kg,kg,35,150,Red onions,"onion,pyaz,प्याज",/media/catalog/local-onion.jpg,https://5.imimg.com/data5/SELLER/Default/2023/9/340365319/OF/LY/GR/36314547/b-grade-pink-onion-1000x1000.jpg,indiamart
Fruits and Vegetables,Onion 5kg,Local,5kg,bag,160,80,Bulk onion bag,"onion 5kg,pyaz 5kg",/media/catalog/local-onion.jpg,https://5.imimg.com/data5/SELLER/Default/2023/9/340365319/OF/LY/GR/36314547/b-grade-pink-onion-1000x1000.jpg,indiamart
Fruits and Vegetables,Potato 1kg,Local,1kg,kg,30,150,Fresh potatoes,"potato,aloo,आलू",/media/catalog/local-potato.jpg,https://5.imimg.com/data5/SELLER/Default/2025/3/494685743/QN/GU/IR/9687089/santana-potato-1000x1000.jpg,indiamart
Fruits and Vegetables,Potato 5kg,Local,5kg,bag,140,80,Bulk potato bag,"potato 5kg,aloo 5kg",/media/catalog/local-potato.jpg,https://5.imimg.com/data5/SELLER/Default/2025/3/494685743/QN/GU/IR/9687089/santana-potato-1000x1000.jpg,indiamart
Fruits and Vegetables,Ginger 250g,Local,250g,pack,35,80,Fresh adrak,"ginger,adrak,अदरक",/media/catalog/local-ginger.jpg,https://5.imimg.com/data5/XB/NA/MY-14510257/fresh-ginger-1000x1000.jpg,indiamart
Fruits and Vegetables,Garlic 250g,Local,250g,pack,40,80,Fresh lehsun,"garlic,lehsun,लहसुन",/media/catalog/local-garlic.jpg,https://5.imimg.com/data5/SELLER/Default/2024/5/415947503/AG/SP/CC/160123667/fresh-peeled-garlic-1000x1000.jpg,indiamart
Fruits and Vegetables,Green Chilli 250g,Local,250g,pack,25,100,Hot green chillies,"green chilli,hari mirch,हरी मिर्च",/media/catalog/local-green-chilli.png,https://5.imimg.com/data5/SELLER/Default/2024/7/437155398/GC/WZ/IT/40452634/organic-green-chilli-1000x1000.png,indiamart
Fruits and Vegetables,Lemon 250g,Local,250g,pack,30,90,Fresh nimbu,"lemon,nimbu,नीबू",/media/catalog/local-lemon.jpg,https://5.imimg.com/data5/SELLER/Default/2026/6/617868226/DT/DG/DH/269490784/assam-fresh-green-lemon-1000x1000.jpeg,indiamart
Fruits and Vegetables,Cucumber 500g,Local,500g,pack,25,80,Salad cucumber,"cucumber,kheera,खीरा",/media/catalog/local-cucumber.png,https://5.imimg.com/data5/SELLER/Default/2025/11/557199787/LI/OY/QP/44328981/loose-fresh-cucumber-1000x1000.png,indiamart
Fruits and Vegetables,Brinjal 500g,Local,500g,pack,35,60,Purple baingan,"brinjal,baingan,बैंगन",/media/catalog/local-brinjal.jpg,https://5.imimg.com/data5/SELLER/Default/2026/3/594533745/LF/EA/KS/31155102/natural-grafted-brinjal-plants-1000x1000.jpeg,indiamart
Cold and Juices,Maaza Mango 600ml,Maaza,600ml,bottle,40,100,Mango drink,"maaza,mango juice,aam drink",/media/catalog/maaza-mango.jpg,https://5.imimg.com/data5/SELLER/Default/2022/4/MY/JM/RI/45117192/badami-mangoes-1000x1000.jpg,indiamart
Cold and Juices,Maaza Mango 1.2L,Maaza,1.2L,bottle,70,80,Family mango drink,maaza 1.2,/media/catalog/maaza-mango.jpg,https://5.imimg.com/data5/SELLER/Default/2022/4/MY/JM/RI/45117192/badami-mangoes-1000x1000.jpg,indiamart
Cold and Juices,Frooti Mango 160ml,Frooti,160ml,tetra,15,200,Small mango tetra pack,"frooti,mango tetra",/media/catalog/frooti-mango.jpg,https://5.imimg.com/data5/SELLER/Default/2022/4/MY/JM/RI/45117192/badami-mangoes-1000x1000.jpg,indiamart
Cold and Juices,Frooti Mango 1L,Frooti,1L,tetra,75,80,1 litre Frooti,frooti 1L,/media/catalog/frooti-mango.jpg,https://5.imimg.com/data5/SELLER/Default/2022/4/MY/JM/RI/45117192/badami-mangoes-1000x1000.jpg,indiamart
Cold and Juices,Red Bull Energy Drink 250ml,Red Bull,250ml,can,125,60,Energy drink can,"red bull,energy drink",/media/catalog/red-bull-energy-drink.jpg,https://5.imimg.com/data5/SELLER/Default/2025/11/562882653/FT/GG/WG/10593269/red-bull-energy-drink-1000x1000.jpg,indiamart
Cold and Juices,Sting Energy Drink 250ml,Sting,250ml,bottle,25,100,Affordable energy drink,sting,/media/catalog/sting-energy-drink.jpg,https://5.imimg.com/data5/SELLER/Default/2026/5/604573662/EJ/AQ/VP/2388285/sting-energy-drink-1000x1000.jpg,indiamart
Cold and Juices,Appy Fizz 250ml,Appy,250ml,bottle,25,100,Sparkling apple drink,"appy fizz,appy",/media/catalog/appy-fizz.jpg,https://5.imimg.com/data5/SELLER/Default/2024/3/400525907/LC/KS/OF/688190/180-ml-amber-appy-fizz-bottle-1000x1000.jpg,indiamart
Cold and Juices,Slice Mango 600ml,Slice,600ml,bottle,40,90,Mango pulp drink,"slice,mango slice",/media/catalog/slice-mango.jpg,https://5.imimg.com/data5/SELLER/Default/2022/4/MY/JM/RI/45117192/badami-mangoes-1000x1000.jpg,indiamart
Masalas and Oils,Everest Garam Masala 100g,Everest,100g,pack,65,100,Blended garam masala,"garam masala,everest garam masala",/media/catalog/everest-garam-masala.webp,https://5.imimg.com/data5/SELLER/Default/2026/1/580051064/CN/BE/LN/13848236/everest-super-garam-masala-1000x1000.webp,indiamart
Masalas and Oils,Everest Garam Masala 50g,Everest,50g,pack,38,100,Small garam masala pack,garam masala 50g,/media/catalog/everest-garam-masala.webp,https://5.imimg.com/data5/SELLER/Default/2026/1/580051064/CN/BE/LN/13848236/everest-super-garam-masala-1000x1000.webp,indiamart
Masalas and Oils,MDH Garam Masala 100g,MDH,100g,pack,70,90,MDH garam masala,mdh garam masala,/media/catalog/mdh-garam-masala.jpg,https://5.imimg.com/data5/SELLER/Default/2025/8/538713874/EC/ZV/DN/1386886/mdh-garam-masala-1000x1000.jpeg,indiamart
Masalas and Oils,Everest Chicken Masala 100g,Everest,100g,pack,72,70,Chicken curry masala,chicken masala,/media/catalog/everest-chicken-masala.jpg,https://5.imimg.com/data5/SELLER/Default/2026/1/580099319/US/FR/BI/13848236/everest-chicken-masala-1000x1000.jpg,indiamart
Masalas and Oils,MDH Deggi Mirch 100g,MDH,100g,pack,60,80,Kashmiri-style deggi mirch,"deggi mirch,kashmiri mirch",/media/catalog/mdh-deggi-mirch.jpg,https://5.imimg.com/data5/SELLER/Default/2025/8/538951324/VC/JK/GS/1386886/mdh-deggi-mirch-powder-1000x1000.jpeg,indiamart
Masalas and Oils,Tata Salt 1kg,Tata,1kg,pack,28,200,Iodised table salt,"salt,namak,tata salt,नमक",/media/catalog/tata-salt.jpg,https://5.imimg.com/data5/SELLER/Default/2026/6/613670370/CR/AG/PR/23941597/tata-salt-1000x1000.jpeg,indiamart
Masalas and Oils,Tata Salt 5kg,Tata,5kg,bag,120,80,Bulk iodised salt,"salt 5kg,namak 5kg",/media/catalog/tata-salt.jpg,https://5.imimg.com/data5/SELLER/Default/2026/6/613670370/CR/AG/PR/23941597/tata-salt-1000x1000.jpeg,indiamart
Masalas and Oils,Fortune Sunflower Oil 1L,Fortune,1L,bottle,145,100,Refined sunflower oil,"sunflower oil,tel,cooking oil,तेल",/media/catalog/fortune-sunflower-oil.png,https://5.imimg.com/data5/SELLER/Default/2025/9/549462278/MV/XT/GT/1386886/fortune-sunflower-oil-870g-pouch-1000x1000.png,indiamart
Masalas and Oils,Fortune Sunflower Oil 5L,Fortune,5L,jar,720,60,Family sunflower oil,"sunflower oil 5L,tel 5L",/media/catalog/fortune-sunflower-oil.png,https://5.imimg.com/data5/SELLER/Default/2025/9/549462278/MV/XT/GT/1386886/fortune-sunflower-oil-870g-pouch-1000x1000.png,indiamart
Masalas and Oils,Fortune Mustard Oil 1L,Fortune,1L,bottle,175,70,Kachi ghani mustard oil,"mustard oil,sarson tel,सरसों तेल",/media/catalog/fortune-mustard-oil.png,https://5.imimg.com/data5/SELLER/Default/2025/8/537977681/DG/OW/GU/4185702/fortune-mustard-oil-1000x1000.png,indiamart
Masalas and Oils,Fortune Mustard Oil 5L,Fortune,5L,jar,820,40,Bulk mustard oil,mustard oil 5L,/media/catalog/fortune-mustard-oil.png,https://5.imimg.com/data5/SELLER/Default/2025/8/537977681/DG/OW/GU/4185702/fortune-mustard-oil-1000x1000.png,indiamart
Masalas and Oils,Fortune Soyabean Oil 1L,Fortune,1L,bottle,140,80,Refined soyabean oil,"soyabean oil,soya oil",/media/catalog/fortune-soyabean-oil.jpg,https://5.imimg.com/data5/SELLER/Default/2025/8/536832413/GW/LZ/MB/1386886/fortune-refined-soyabean-oil-1000x1000.jpeg,indiamart
Masalas and Oils,Gemini Groundnut Oil 1L,Gemini,1L,bottle,195,50,Groundnut cooking oil,"groundnut oil,moongfali tel",/media/catalog/gemini-groundnut-oil.jpg,https://5.imimg.com/data5/SELLER/Default/2023/11/363465753/QM/HT/MT/1737007/organic-groundnut-oil-1000x1000.jpeg,indiamart
Masalas and Oils,Patanjali Cow Ghee 500ml,Patanjali,500ml,jar,340,40,Cow ghee for cooking,patanjali ghee,/media/catalog/patanjali-cow-ghee.webp,https://5.imimg.com/data5/SELLER/Default/2025/10/553364597/IQ/BI/XA/102505916/patanjali-cow-s-ghee-1-ltr-pet-jar-1000x1000.webp,indiamart
Sauces and Spreads,Heinz Tomato Ketchup 400g,Heinz,400g,bottle,175,40,Imported-style ketchup,heinz ketchup,/media/catalog/heinz-tomato-ketchup.jpg,https://5.imimg.com/data5/SELLER/Default/2026/5/608734424/UN/RS/BY/28816151/heinz-tomato-ketchup-sauce-880gm-1000x1000.jpeg,indiamart
Sauces and Spreads,Ching's Secret Schezwan Chutney 250g,Ching's,250g,jar,95,70,Schezwan chutney,"schezwan,schezwan chutney",/media/catalog/ching-s-secret-schezwan-chutney.jpg,https://5.imimg.com/data5/SELLER/Default/2026/3/588534558/OK/LN/TV/52727915/green-sandwich-chutney-1000x1000.jpeg,indiamart
Sauces and Spreads,Veeba Mayonnaise Eggless 250g,Veeba,250g,jar,110,70,Eggless mayo,"mayonnaise,mayo,eggless mayo",/media/catalog/veeba-mayonnaise-eggless.jpg,https://5.imimg.com/data5/SELLER/Default/2025/2/492042973/PQ/GH/HV/25273339/veeba-eggless-mayonnaise-1000x1000.jpg,indiamart
Sauces and Spreads,Veeba Mayonnaise Eggless 500g,Veeba,500g,jar,195,50,Family mayo pack,mayo 500g,/media/catalog/veeba-mayonnaise-eggless.jpg,https://5.imimg.com/data5/SELLER/Default/2025/2/492042973/PQ/GH/HV/25273339/veeba-eggless-mayonnaise-1000x1000.jpg,indiamart
Sauces and Spreads,Funfoods Mayonnaise 275g,Funfoods,275g,jar,105,60,Classic mayonnaise,funfoods mayo,/media/catalog/funfoods-mayonnaise.png,https://5.imimg.com/data5/SELLER/Default/2024/11/466336014/YY/BW/KB/129250302/500x500-tandoori-mayo-1000x1000.png,indiamart
Sauces and Spreads,Kissan Mixed Fruit Jam 500g,Kissan,500g,jar,145,80,Mixed fruit jam,"jam,mixed fruit jam",/media/catalog/kissan-mixed-fruit-jam.jpg,https://5.imimg.com/data5/DJ/NY/PK/SELLER-497053/mixed-fruit-jam-sachet-1000x1000.jpg,indiamart
Sauces and Spreads,Kissan Mixed Fruit Jam 200g,Kissan,200g,jar,75,90,Small jam jar,jam 200g,/media/catalog/kissan-mixed-fruit-jam.jpg,https://5.imimg.com/data5/DJ/NY/PK/SELLER-497053/mixed-fruit-jam-sachet-1000x1000.jpg,indiamart
Sauces and Spreads,Kissan Pineapple Jam 500g,Kissan,500g,jar,150,50,Pineapple jam,pineapple jam,/media/catalog/kissan-pineapple-jam.jpg,https://5.imimg.com/data5/SELLER/Default/2024/4/412213916/JZ/ZT/WL/497053/pineapple-jam-picup-1000x1000.jpg,indiamart
Tea,Tata Tea Gold 250g,Tata Tea,250g,pack,145,120,Premium leaf tea,"tea,chai,tata tea,चाय",/media/catalog/tata-tea-gold.jpg,https://5.imimg.com/data5/SELLER/Default/2026/1/574532837/NU/NZ/HM/5251707/tata-tea-gold-premium-tea-250-g-1000x1000.jpg,indiamart
Tea,Tata Tea Gold 500g,Tata Tea,500g,pack,275,100,Half kg Tata Tea Gold,"tata tea 500g,chai 500g",/media/catalog/tata-tea-gold.jpg,https://5.imimg.com/data5/SELLER/Default/2026/1/574532837/NU/NZ/HM/5251707/tata-tea-gold-premium-tea-250-g-1000x1000.jpg,indiamart
Tea,Tata Tea Gold 1kg,Tata Tea,1kg,pack,530,70,Family pack Tata Tea Gold,tata tea 1kg,/media/catalog/tata-tea-gold.jpg,https://5.imimg.com/data5/SELLER/Default/2026/1/574532837/NU/NZ/HM/5251707/tata-tea-gold-premium-tea-250-g-1000x1000.jpg,indiamart
Tea,Tata Tea Premium 250g,Tata Tea,250g,pack,125,100,Everyday leaf tea,tata premium,/media/catalog/tata-tea-premium.jpg,https://5.imimg.com/data5/SELLER/Default/2026/1/574529893/NX/OB/IN/5251707/tata-tea-gold-premium-tea-1-kg-1000x1000.jpg,indiamart
Tea,Tata Tea Premium 500g,Tata Tea,500g,pack,235,90,Half kg Tata Premium,tata premium 500,/media/catalog/tata-tea-premium.jpg,https://5.imimg.com/data5/SELLER/Default/2026/1/574529893/NX/OB/IN/5251707/tata-tea-gold-premium-tea-1-kg-1000x1000.jpg,indiamart
Tea,Red Label Tea 250g,Brooke Bond,250g,pack,130,100,Brooke Bond Red Label,"red label,brooke bond",/media/catalog/brooke-bond-red-label-tea.jpg,https://5.imimg.com/data5/SELLER/Default/2023/11/363027698/ES/KZ/KG/36404286/sisu-10gm-gold-red-tea-1000x1000.jpg,indiamart
Tea,Red Label Tea 500g,Brooke Bond,500g,pack,250,80,Half kg Red Label,red label 500,/media/catalog/brooke-bond-red-label-tea.jpg,https://5.imimg.com/data5/SELLER/Default/2023/11/363027698/ES/KZ/KG/36404286/sisu-10gm-gold-red-tea-1000x1000.jpg,indiamart
Tea,Red Label Tea 1kg,Brooke Bond,1kg,pack,480,60,1 kg Red Label,red label 1kg,/media/catalog/brooke-bond-red-label-tea.jpg,https://5.imimg.com/data5/SELLER/Default/2023/11/363027698/ES/KZ/KG/36404286/sisu-10gm-gold-red-tea-1000x1000.jpg,indiamart
Tea,Taj Mahal Tea 250g,Brooke Bond,250g,pack,185,70,Premium Taj Mahal tea,"taj mahal tea,taj tea",/media/catalog/brooke-bond-taj-mahal-tea.jpg,https://5.imimg.com/data5/RW/SR/MY-532160/morning-tea-1000x1000.jpg,indiamart
Tea,Taj Mahal Tea 500g,Brooke Bond,500g,pack,355,50,Half kg Taj Mahal,taj mahal 500,/media/catalog/brooke-bond-taj-mahal-tea.jpg,https://5.imimg.com/data5/RW/SR/MY-532160/morning-tea-1000x1000.jpg,indiamart
Tea,Society Tea 250g,Society,250g,pack,140,80,Popular Mumbai chai brand,society tea,/media/catalog/society-tea.jpg,https://5.imimg.com/data5/SELLER/Default/2024/11/463375836/BI/TV/KG/10644338/society-tea-powder-1-5kg-1000x1000.jpeg,indiamart
Tea,Society Tea 500g,Society,500g,pack,265,60,Half kg Society tea,society tea 500,/media/catalog/society-tea.jpg,https://5.imimg.com/data5/SELLER/Default/2024/11/463375836/BI/TV/KG/10644338/society-tea-powder-1-5kg-1000x1000.jpeg,indiamart
Tea,Wagh Bakri Premium Leaf Tea 250g,Wagh Bakri,250g,pack,155,70,Gujarat favourite leaf tea,"wagh bakri,wagbakri",/media/catalog/wagh-bakri-premium-leaf-tea.jpg,https://5.imimg.com/data5/SELLER/Default/2026/4/597331346/JY/PG/ZL/111378024/broken-leaf-green-tea-1000x1000.jpeg,indiamart
Tea,Wagh Bakri Premium Leaf Tea 500g,Wagh Bakri,500g,pack,295,50,Half kg Wagh Bakri,wagh bakri 500,/media/catalog/wagh-bakri-premium-leaf-tea.jpg,https://5.imimg.com/data5/SELLER/Default/2026/4/597331346/JY/PG/ZL/111378024/broken-leaf-green-tea-1000x1000.jpeg,indiamart
Tea,Wagh Bakri Dust Tea 500g,Wagh Bakri,500g,pack,270,50,Dust tea for strong cutting chai,"wagh bakri dust,dust tea",/media/catalog/wagh-bakri-dust-tea.jpg,https://5.imimg.com/data5/SELLER/Default/2024/6/428440621/QU/AH/TT/115212852/dust-grade-tea-1000x1000.jpg,indiamart
Tea,Tetley Green Tea 25 bags,Tetley,25 bags,box,145,60,Green tea bags,"green tea,tetley green",/media/catalog/tetley-green-tea.jpg,https://5.imimg.com/data5/SELLER/Default/2026/7/624639837/XQ/AB/GD/41741356/tetley-green-tea-bag-1000x1000.jpg,indiamart
Tea,Tetley Green Tea 50 bags,Tetley,50 bags,box,265,40,Double pack green tea bags,green tea 50,/media/catalog/tetley-green-tea.jpg,https://5.imimg.com/data5/SELLER/Default/2026/7/624639837/XQ/AB/GD/41741356/tetley-green-tea-bag-1000x1000.jpg,indiamart
Tea,Organic India Tulsi Green Tea 25 bags,Organic India,25 bags,box,195,40,Tulsi green tea bags,"tulsi tea,organic green tea",/media/catalog/organic-india-tulsi-green-tea.jpg,https://5.imimg.com/data5/HO/ZJ/KX/GLADMIN-5016971/green-tulsi-and-cinnamon-tea-1000x1000.jpg,indiamart
Tea,Girnar Desi Chai Masala Tea 250g,Girnar,250g,pack,175,50,Masala chai blend,"masala chai,girnar chai",/media/catalog/girnar-desi-chai-masala-tea.jpg,https://5.imimg.com/data5/SELLER/Default/2026/4/596890931/NH/WA/QI/111378024/pd-masala-tea-1000x1000.jpg,indiamart
Tea,Tata Tea Agni 250g,Tata Tea,250g,pack,95,80,Economy strong tea,"agni tea,tata agni",/media/catalog/tata-tea-agni.jpg,https://5.imimg.com/data5/SELLER/Default/2026/2/586233645/DA/AN/FC/235596259/tata-tea-agni-special-leaf-blend-with-strong-taste-1000x1000.jpg,indiamart
Tea,Tata Tea Agni 500g,Tata Tea,500g,pack,180,70,Half kg Agni tea,agni 500,/media/catalog/tata-tea-agni.jpg,https://5.imimg.com/data5/SELLER/Default/2026/2/586233645/DA/AN/FC/235596259/tata-tea-agni-special-leaf-blend-with-strong-taste-1000x1000.jpg,indiamart
Tea,Tata Soulfull Millet Tea 250g,Tata,250g,pack,165,30,Millet-based wellness tea,millet tea,/media/catalog/tata-soulfull-millet-tea.jpg,https://5.imimg.com/data5/RW/SR/MY-532160/morning-tea-1000x1000.jpg,indiamart
Coffee,Nescafe Classic Instant Coffee 50g,Nescafe,50g,jar,145,100,Classic instant coffee,"coffee,nescafe,coffee powder,कॉफी",/media/catalog/nescafe-classic-instant-coffee.jpg,https://5.imimg.com/data5/SELLER/Default/2025/2/486297028/SF/QH/DO/163404141/agglomerated-instant-coffee-1000x1000.jpg,indiamart
Coffee,Nescafe Classic Instant Coffee 100g,Nescafe,100g,jar,275,80,100g Nescafe Classic,nescafe 100g,/media/catalog/nescafe-classic-instant-coffee.jpg,https://5.imimg.com/data5/SELLER/Default/2025/2/486297028/SF/QH/DO/163404141/agglomerated-instant-coffee-1000x1000.jpg,indiamart
Coffee,Nescafe Classic Instant Coffee 200g,Nescafe,200g,jar,520,50,Family Nescafe Classic,nescafe 200g,/media/catalog/nescafe-classic-instant-coffee.jpg,https://5.imimg.com/data5/SELLER/Default/2025/2/486297028/SF/QH/DO/163404141/agglomerated-instant-coffee-1000x1000.jpg,indiamart
Coffee,Nescafe Sunrise Instant Coffee 50g,Nescafe,50g,jar,125,90,Chicory blend sunrise coffee,nescafe sunrise,/media/catalog/nescafe-sunrise-instant-coffee.jpg,https://5.imimg.com/data5/SELLER/Default/2024/9/450923805/KK/BE/ZH/1758694/instant-coffee-premix-1000x1000.jpg,indiamart
Coffee,Nescafe Sunrise Instant Coffee 100g,Nescafe,100g,jar,235,70,100g Sunrise coffee,sunrise 100g,/media/catalog/nescafe-sunrise-instant-coffee.jpg,https://5.imimg.com/data5/SELLER/Default/2024/9/450923805/KK/BE/ZH/1758694/instant-coffee-premix-1000x1000.jpg,indiamart
Coffee,Bru Instant Coffee 50g,Bru,50g,jar,135,90,BRU instant coffee,"bru,bru coffee",/media/catalog/bru-instant-coffee.jpg,https://5.imimg.com/data5/SELLER/Default/2024/9/450923805/KK/BE/ZH/1758694/instant-coffee-premix-1000x1000.jpg,indiamart
Coffee,Bru Instant Coffee 100g,Bru,100g,jar,255,70,100g BRU coffee,bru 100g,/media/catalog/bru-instant-coffee.jpg,https://5.imimg.com/data5/SELLER/Default/2024/9/450923805/KK/BE/ZH/1758694/instant-coffee-premix-1000x1000.jpg,indiamart
Coffee,Bru Instant Coffee 200g,Bru,200g,jar,485,40,Family BRU pack,bru 200g,/media/catalog/bru-instant-coffee.jpg,https://5.imimg.com/data5/SELLER/Default/2024/9/450923805/KK/BE/ZH/1758694/instant-coffee-premix-1000x1000.jpg,indiamart
Coffee,Bru Gold Instant Coffee 50g,Bru,50g,jar,185,50,Premium BRU Gold,bru gold,/media/catalog/bru-gold-instant-coffee.jpg,https://5.imimg.com/data5/SELLER/Default/2024/9/450923805/KK/BE/ZH/1758694/instant-coffee-premix-1000x1000.jpg,indiamart
Coffee,Bru Gold Instant Coffee 100g,Bru,100g,jar,355,40,100g BRU Gold,bru gold 100,/media/catalog/bru-gold-instant-coffee.jpg,https://5.imimg.com/data5/SELLER/Default/2024/9/450923805/KK/BE/ZH/1758694/instant-coffee-premix-1000x1000.jpg,indiamart
Coffee,Continental Xtra Instant Coffee 50g,Continental,50g,jar,110,60,Value instant coffee,continental coffee,/media/catalog/continental-xtra-instant-coffee.jpg,https://5.imimg.com/data5/SELLER/Default/2024/9/450923805/KK/BE/ZH/1758694/instant-coffee-premix-1000x1000.jpg,indiamart
Coffee,Tata Coffee Grand Instant 50g,Tata Coffee,50g,jar,140,60,Tata Grand instant,"tata coffee,tata grand",/media/catalog/tata-coffee-grand-instant.png,https://5.imimg.com/data5/SELLER/Default/2026/4/598380460/EJ/GH/UJ/22236893/tata-coffee-grand-special-instant-coffee-powder-1000x1000.png,indiamart
Coffee,Tata Coffee Grand Instant 100g,Tata Coffee,100g,jar,265,50,100g Tata Grand,tata grand 100,/media/catalog/tata-coffee-grand-instant.png,https://5.imimg.com/data5/SELLER/Default/2026/4/598380460/EJ/GH/UJ/22236893/tata-coffee-grand-special-instant-coffee-powder-1000x1000.png,indiamart
Coffee,Levista Strong Instant Coffee 50g,Levista,50g,jar,99,40,Budget strong instant coffee,levista coffee,/media/catalog/levista-strong-instant-coffee.jpg,https://5.imimg.com/data5/SELLER/Default/2024/9/450923805/KK/BE/ZH/1758694/instant-coffee-premix-1000x1000.jpg,indiamart
Cleaning Essentials,Tide Plus Detergent 1kg,Tide,1kg,pack,155,80,Tide detergent powder,"tide,tide plus",/media/catalog/tide-plus-detergent.jpg,https://5.imimg.com/data5/SELLER/Default/2023/10/355315085/AW/ET/XL/36885978/winshine-orange-detergent-cake-1000x1000.jpg,indiamart
Cleaning Essentials,Tide Plus Detergent 4kg,Tide,4kg,pack,560,40,Bulk Tide pack,tide 4kg,/media/catalog/tide-plus-detergent.jpg,https://5.imimg.com/data5/SELLER/Default/2023/10/355315085/AW/ET/XL/36885978/winshine-orange-detergent-cake-1000x1000.jpg,indiamart
Cleaning Essentials,Harpic Toilet Cleaner 500ml,Harpic,500ml,bottle,95,100,Toilet bowl cleaner,"harpic,toilet cleaner",/media/catalog/harpic-toilet-cleaner.jpg,https://5.imimg.com/data5/SELLER/Default/2024/3/397661490/RS/KD/FM/16143329/harpic-toilet-cleaners-5-ltr-1000x1000.jpg,indiamart
Cleaning Essentials,Harpic Toilet Cleaner 1L,Harpic,1L,bottle,175,70,1 litre Harpic,harpic 1L,/media/catalog/harpic-toilet-cleaner.jpg,https://5.imimg.com/data5/SELLER/Default/2024/3/397661490/RS/KD/FM/16143329/harpic-toilet-cleaners-5-ltr-1000x1000.jpg,indiamart
Cleaning Essentials,Domex Floor Cleaner 500ml,Domex,500ml,bottle,95,70,Floor cleaner alternate,domex,/media/catalog/domex-floor-cleaner.jpg,https://5.imimg.com/data5/DE/QM/QL/SELLER-51323725/domex-disinfectant-500-ml-floor-cleaners-500x500-1000x1000.jpg,indiamart
Cleaning Essentials,Colin Glass Cleaner 500ml,Colin,500ml,bottle,110,80,Glass and surface cleaner,"colin,glass cleaner",/media/catalog/colin-glass-cleaner.webp,https://5.imimg.com/data5/SELLER/Default/2024/10/461239873/OU/TK/UY/198814248/colin-glass-multi-surface-cleaner-refill-pack-2-in-1-spotless-shine-lemon-burst-1l-1000x1000.webp,indiamart
Cleaning Essentials,Scotch-Brite Scrub Pad 3 pcs,Scotch-Brite,3 pcs,pack,45,120,Scrub pads for utensils,"scotch brite,scrubber,scrub pad",/media/catalog/scotch-brite-scrub-pad.jpg,https://5.imimg.com/data5/SELLER/Default/2020/8/DO/WO/NX/42495648/3m-scotch-brite-professional-general-purpose-scrubbing-pad-4-in-x-6-in--1000x1000.jpg,indiamart
Aata,Aashirvaad Atta 1kg,Aashirvaad,1kg,pack,65,150,Whole wheat flour,"atta,aata,gehun,wheat flour,आटा",/media/catalog/aashirvaad-atta.jpg,https://5.imimg.com/data5/SELLER/Default/2025/10/550427505/GY/ZL/EA/56755353/aashirvaad-chakki-fresh-atta-1000x1000.jpg,indiamart
Aata,Aashirvaad Atta 5kg,Aashirvaad,5kg,bag,289,120,5kg whole wheat atta,"atta 5kg,aashirvaad 5kg",/media/catalog/aashirvaad-atta.jpg,https://5.imimg.com/data5/SELLER/Default/2025/10/550427505/GY/ZL/EA/56755353/aashirvaad-chakki-fresh-atta-1000x1000.jpg,indiamart
Aata,Aashirvaad Atta 10kg,Aashirvaad,10kg,bag,545,80,10kg family atta,"atta 10kg,aashirvaad 10kg",/media/catalog/aashirvaad-atta.jpg,https://5.imimg.com/data5/SELLER/Default/2025/10/550427505/GY/ZL/EA/56755353/aashirvaad-chakki-fresh-atta-1000x1000.jpg,indiamart
Aata,Rajdhani Besan 1kg,Rajdhani,1kg,pack,110,60,Premium besan,rajdhani besan,/media/catalog/rajdhani-besan.jpg,https://5.imimg.com/data5/SELLER/Default/2023/7/322406901/AC/BZ/LF/1386886/rajdhani-besan-1000x1000.jpg,indiamart
Aata,Rice Flour 500g,Local,500g,pack,45,60,Rice flour for dosa/pathiri,"rice flour,chawal atta",/media/catalog/local-rice-flour.jpg,https://5.imimg.com/data5/SELLER/Default/2022/12/VX/GW/SN/124047218/sortex-white-rice-flour-1000x1000.jpeg,indiamart
Aata,Bajra Flour 500g,Local,500g,pack,50,50,Pearl millet flour,"bajra atta,bajra flour",/media/catalog/local-bajra-flour.png,https://5.imimg.com/data5/SELLER/Default/2021/3/RI/BW/MN/2022360/bajra-500x500-1000x1000.png,indiamart
Aata,Ragi Flour 500g,Local,500g,pack,60,50,Finger millet flour,"ragi atta,nachni",/media/catalog/local-ragi-flour.jpg,https://5.imimg.com/data5/SELLER/Default/2023/4/303177617/ZR/HU/GI/86539219/-dsc5291-ragi-flour-500x500-1000x1000.jpg,indiamart
Rice Daal,India Gate Basmati Rice 1kg,India Gate,1kg,pack,165,100,Aged basmati rice,"basmati,basmati rice,chawal,चावल",/media/catalog/india-gate-basmati-rice.jpg,https://5.imimg.com/data5/SELLER/Default/2025/2/491364184/PM/XA/NM/2306080/india-gate-basmati-rice-1000x1000.jpg,indiamart
Rice Daal,India Gate Basmati Rice 5kg,India Gate,5kg,bag,745,70,5kg basmati,"basmati 5kg,india gate 5kg",/media/catalog/india-gate-basmati-rice.jpg,https://5.imimg.com/data5/SELLER/Default/2025/2/491364184/PM/XA/NM/2306080/india-gate-basmati-rice-1000x1000.jpg,indiamart
Rice Daal,Sona Masoori Rice 1kg,Local,1kg,pack,75,100,South Indian raw rice,"sona masoori,sono masuri",/media/catalog/local-sona-masoori-rice.jpg,https://5.imimg.com/data5/SELLER/Default/2026/6/614677200/KY/EB/NA/73518290/sona-masoori-raw-rice-1000x1000.jpeg,indiamart
Rice Daal,Sona Masoori Rice 5kg,Local,5kg,bag,350,70,5kg Sona Masoori,sona masoori 5kg,/media/catalog/local-sona-masoori-rice.jpg,https://5.imimg.com/data5/SELLER/Default/2026/6/614677200/KY/EB/NA/73518290/sona-masoori-raw-rice-1000x1000.jpeg,indiamart
Rice Daal,Kolam Rice 1kg,Local,1kg,pack,70,80,Gujarat-style kolam rice,"kolam,kolam rice",/media/catalog/local-kolam-rice.png,https://5.imimg.com/data5/SELLER/Default/2025/12/565424997/FB/TV/ND/184403682/short-grain-kolam-non-basmati-rice-1000x1000.png,indiamart
Rice Daal,Kolam Rice 5kg,Local,5kg,bag,325,60,5kg kolam rice,kolam 5kg,/media/catalog/local-kolam-rice.png,https://5.imimg.com/data5/SELLER/Default/2025/12/565424997/FB/TV/ND/184403682/short-grain-kolam-non-basmati-rice-1000x1000.png,indiamart
Rice Daal,Toor Dal 500g,Tata Sampann,500g,pack,85,100,Arhar toor dal,"toor dal,arhar,तुअर दाल",/media/catalog/tata-sampann-toor-dal.webp,https://5.imimg.com/data5/SELLER/Default/2023/10/352428189/LW/PL/IW/198936249/organic-toor-dal-1000x1000.webp,indiamart
Rice Daal,Toor Dal 1kg,Tata Sampann,1kg,pack,165,90,1kg toor dal,"toor dal 1kg,arhar 1kg",/media/catalog/tata-sampann-toor-dal.webp,https://5.imimg.com/data5/SELLER/Default/2023/10/352428189/LW/PL/IW/198936249/organic-toor-dal-1000x1000.webp,indiamart
Rice Daal,Chana Dal 500g,Tata Sampann,500g,pack,75,90,Split Bengal gram,"chana dal,chana,चना दाल",/media/catalog/tata-sampann-chana-dal.jpg,https://5.imimg.com/data5/SELLER/Default/2026/7/624058895/TN/ZF/BT/11104951/natural-split-chickpeas-buff-polished-chana-dal-bulk-supplier-1000x1000.jpeg,indiamart
Rice Daal,Chana Dal 1kg,Tata Sampann,1kg,pack,145,70,1kg chana dal,chana dal 1kg,/media/catalog/tata-sampann-chana-dal.jpg,https://5.imimg.com/data5/SELLER/Default/2026/7/624058895/TN/ZF/BT/11104951/natural-split-chickpeas-buff-polished-chana-dal-bulk-supplier-1000x1000.jpeg,indiamart
Rice Daal,Masoor Dal 500g,Tata Sampann,500g,pack,80,80,Red masoor dal,"masoor,masoor dal,मसूर",/media/catalog/tata-sampann-masoor-dal.png,https://5.imimg.com/data5/SELLER/Default/2024/9/454062438/MY/MO/CR/193081573/masoor-dal-pulse-1000x1000.png,indiamart
Rice Daal,Masoor Dal 1kg,Tata Sampann,1kg,pack,155,60,1kg masoor dal,masoor 1kg,/media/catalog/tata-sampann-masoor-dal.png,https://5.imimg.com/data5/SELLER/Default/2024/9/454062438/MY/MO/CR/193081573/masoor-dal-pulse-1000x1000.png,indiamart
Snacks and Munchies,Lay's American Style Cream & Onion 52g,Lay's,52g,pack,20,180,Cream and onion chips,cream onion lays,/media/catalog/lay-s-american-style-cream-and-onion.jpg,https://5.imimg.com/data5/SELLER/Default/2023/9/340365319/OF/LY/GR/36314547/b-grade-pink-onion-1000x1000.jpg,indiamart
Snacks and Munchies,Haldiram's Moong Dal 200g,Haldiram's,200g,pack,65,80,Fried moong dal snack,moong dal namkeen,/media/catalog/haldiram-s-moong-dal.jpg,https://5.imimg.com/data5/SELLER/Default/2024/2/391755799/NR/BH/PP/193081573/moong-dal-chilli-1000x1000.jpeg,indiamart
Snacks and Munchies,Bikaji Bhujia 400g,Bikaji,400g,pack,100,70,Bikaji aloo bhujia,bikaji bhujia,/media/catalog/bikaji-bhujia.jpg,https://5.imimg.com/data5/SELLER/Default/2021/4/FE/US/SG/11867577/5bfbc483-5c1b-4328-b555-e083e140354a-1000x1000.JPG,indiamart
Snacks and Munchies,Balaji Wafers Simply Salted 50g,Balaji,50g,pack,10,150,Value salted wafers,"balaji wafers,balaji chips",/media/catalog/balaji-wafers-simply-salted.png,https://5.imimg.com/data5/SELLER/Default/2024/12/475224049/YH/AK/UG/37489918/balaji-crunchex-chilli-tadka-potato-wafers-1000x1000.png,indiamart
Snacks and Munchies,Balaji Wafers Simply Salted 150g,Balaji,150g,pack,30,100,Bigger Balaji wafers,balaji 150g,/media/catalog/balaji-wafers-simply-salted.png,https://5.imimg.com/data5/SELLER/Default/2024/12/475224049/YH/AK/UG/37489918/balaji-crunchex-chilli-tadka-potato-wafers-1000x1000.png,indiamart
Snacks and Munchies,Yippee Magic Masala Noodles 70g,Yippee,70g,pack,14,120,Yippee noodles pack,"yippee,yippee noodles",/media/catalog/yippee-magic-masala-noodles.png,https://5.imimg.com/data5/SELLER/Default/2024/12/471769949/AS/CK/CM/37855054/kodo-millet-noodles-1000x1000.png,indiamart
Snacks and Munchies,Britannia Good Day Cashew 100g,Britannia,100g,pack,35,120,Cashew cookies,"good day,britannia good day",/media/catalog/britannia-good-day-cashew.jpg,https://5.imimg.com/data5/SELLER/Default/2026/7/622972915/RK/DH/DR/146670551/cashew-nuts-kaju-1000x1000.jpg,indiamart
Snacks and Munchies,Oreo Original Cookies 120g,Oreo,120g,pack,40,100,Chocolate cream cookies,"oreo,oreo biscuit",/media/catalog/oreo-original-cookies.jpg,https://5.imimg.com/data5/SELLER/Default/2024/12/473312458/LP/AD/AE/221971466/ajwain-jar-cookies-1000x1000.jpeg,indiamart
Snacks and Munchies,Cadbury Dairy Milk 13g,Cadbury,13g,pack,10,200,Mini chocolate bar,"dairy milk,chocolate,cadbury",/media/catalog/cadbury-dairy-milk.jpg,https://5.imimg.com/data5/SELLER/Default/2021/7/GM/DD/LP/23071838/shreemant-sweetened-condensed-milk-1000x1000.jpg,indiamart
Snacks and Munchies,Cadbury Dairy Milk 40g,Cadbury,40g,pack,40,150,Regular Dairy Milk,dairy milk 40g,/media/catalog/cadbury-dairy-milk.jpg,https://5.imimg.com/data5/SELLER/Default/2021/7/GM/DD/LP/23071838/shreemant-sweetened-condensed-milk-1000x1000.jpg,indiamart
Snacks and Munchies,Too Yumm Multigrain Chips 55g,Too Yumm,55g,pack,20,80,Baked multigrain chips,too yumm,/media/catalog/too-yumm-multigrain-chips.png,https://5.imimg.com/data5/SELLER/Default/2026/2/583328799/EF/CG/XW/153621339/banana-chips-1000x1000.png,indiamart
Snacks and Munchies,Act II Butter Popcorn 30g,Act II,30g,pack,20,100,Microwave popcorn,"popcorn,act ii",/media/catalog/act-ii-butter-popcorn.jpg,https://5.imimg.com/data5/SELLER/Default/2026/1/580101378/EQ/BL/OE/20651338/poppa-corn-south-africa-1-kg-butterfly-popcorn-1000x1000.jpg,indiamart
Personal Care,Oral-B Soft Toothbrush 1 pc,Oral-B,1 pc,piece,45,120,Soft bristle toothbrush,"toothbrush,brush",/media/catalog/oral-b-soft-toothbrush.jpg,https://5.imimg.com/data5/SELLER/Default/2024/9/453676476/QH/LU/MC/9471345/oral-b-toothbrush-fresh-clean-1000x1000.jpg,indiamart
Personal Care,Oral-B Soft Toothbrush 3 pcs,Oral-B,3 pcs,pack,110,80,Triple toothbrush pack,toothbrush 3,/media/catalog/oral-b-soft-toothbrush.jpg,https://5.imimg.com/data5/SELLER/Default/2024/9/453676476/QH/LU/MC/9471345/oral-b-toothbrush-fresh-clean-1000x1000.jpg,indiamart
Personal Care,Clinic Plus Shampoo 175ml,Clinic Plus,175ml,bottle,95,90,Strong & long shampoo,"shampoo,clinic plus",/media/catalog/clinic-plus-shampoo.jpg,https://5.imimg.com/data5/SELLER/Default/2025/12/570065780/UP/MX/UC/136587731/clinic-plus-shampoo-1000x1000.jpg,indiamart
Personal Care,Clinic Plus Shampoo 340ml,Clinic Plus,340ml,bottle,175,70,Larger Clinic Plus,clinic plus 340,/media/catalog/clinic-plus-shampoo.jpg,https://5.imimg.com/data5/SELLER/Default/2025/12/570065780/UP/MX/UC/136587731/clinic-plus-shampoo-1000x1000.jpg,indiamart
Personal Care,Dove Intense Repair Shampoo 340ml,Dove,340ml,bottle,285,50,Repair care shampoo,dove shampoo,/media/catalog/dove-intense-repair-shampoo.jpg,https://5.imimg.com/data5/SELLER/Default/2025/12/565817112/VJ/CZ/PN/2848895/derma-company-franchise-for-vitashine-keratin-shampoo-repairs-smoothens-damaged-hair-1000x1000.jpg,indiamart
Personal Care,Parachute Coconut Oil 100ml,Parachute,100ml,bottle,55,120,Pure coconut hair oil,"coconut oil,parachute,nariyal tel",/media/catalog/parachute-coconut-oil.jpg,https://5.imimg.com/data5/SELLER/Default/2025/6/518510481/OG/KJ/YQ/5251707/parachute-500ml-coconut-oil-1000x1000.jpg,indiamart
Personal Care,Parachute Coconut Oil 250ml,Parachute,250ml,bottle,125,100,250ml coconut oil,parachute 250,/media/catalog/parachute-coconut-oil.jpg,https://5.imimg.com/data5/SELLER/Default/2025/6/518510481/OG/KJ/YQ/5251707/parachute-500ml-coconut-oil-1000x1000.jpg,indiamart
Personal Care,Parachute Coconut Oil 500ml,Parachute,500ml,bottle,235,70,Half litre coconut oil,parachute 500,/media/catalog/parachute-coconut-oil.jpg,https://5.imimg.com/data5/SELLER/Default/2025/6/518510481/OG/KJ/YQ/5251707/parachute-500ml-coconut-oil-1000x1000.jpg,indiamart
Personal Care,Dabur Amla Hair Oil 180ml,Dabur,180ml,bottle,85,80,Amla hair oil,"amla oil,dabur amla",/media/catalog/dabur-amla-hair-oil.jpg,https://5.imimg.com/data5/SELLER/Default/2025/12/572020489/YS/LI/WH/5251707/dabur-amla-hair-oil-70ml-1000x1000.jpg,indiamart
Personal Care,Dabur Amla Hair Oil 450ml,Dabur,450ml,bottle,185,50,Large amla hair oil,amla oil 450,/media/catalog/dabur-amla-hair-oil.jpg,https://5.imimg.com/data5/SELLER/Default/2025/12/572020489/YS/LI/WH/5251707/dabur-amla-hair-oil-70ml-1000x1000.jpg,indiamart
Personal Care,Gillette Guard Razor 1 pc,Gillette,1 pc,piece,25,100,Basic shaving razor,"razor,gillette,shave",/media/catalog/gillette-guard-razor.jpg,https://5.imimg.com/data5/SELLER/Default/2024/4/406128169/ER/TE/MT/9471345/gillette-guard-razor-1000x1000.jpg,indiamart
Chicken and Meat and Fish,Chicken Keema 500g,Local Fresh,500g,pack,175,25,Minced chicken keema,"chicken keema,keema",/media/catalog/local-fresh-chicken-keema.jpg,https://5.imimg.com/data5/SELLER/Default/2026/4/602250106/ZR/YC/PS/138644232/grade-b-broiler-chicken-mince-keema-1000x1000.jpg,indiamart
Chicken and Meat and Fish,Chicken Wings 500g,Local Fresh,500g,pack,140,25,Chicken wings pack,chicken wings,/media/catalog/local-fresh-chicken-wings.jpg,https://5.imimg.com/data5/SELLER/Default/2026/4/599926676/PD/QT/RE/1691560/dehydrated-chicken-wings-1000x1000.jpg,indiamart
Chicken and Meat and Fish,Rohu Fish Curry Cut 500g,Local Fresh,500g,pack,180,25,Fresh rohu pieces,"rohu,fish,machli,मछली",/media/catalog/local-fresh-rohu-fish-curry-cut.jpg,https://5.imimg.com/data5/SELLER/Default/2026/4/599361974/XT/DT/ZI/34955370/frozen-rohu-curry-cut-fish-1000x1000.jpg,indiamart
Chicken and Meat and Fish,Rohu Fish Curry Cut 1kg,Local Fresh,1kg,pack,350,20,1kg rohu fish,rohu 1kg,/media/catalog/local-fresh-rohu-fish-curry-cut.jpg,https://5.imimg.com/data5/SELLER/Default/2026/4/599361974/XT/DT/ZI/34955370/frozen-rohu-curry-cut-fish-1000x1000.jpg,indiamart
Chicken and Meat and Fish,Catla Fish Curry Cut 500g,Local Fresh,500g,pack,170,20,Catla freshwater fish,catla fish,/media/catalog/local-fresh-catla-fish-curry-cut.jpg,https://5.imimg.com/data5/SELLER/Default/2025/10/552173561/SN/VI/DA/48538660/2-inch-catla-fish-1000x1000.jpg,indiamart
Gift Store,Dry Fruit Gift Pack Almonds Cashew 500g,Local Premium,500g,box,650,20,Mixed dry fruit gift,"dry fruit,dryfruit gift,मेवे",/media/catalog/local-premium-dry-fruit-gift-pack-almonds-cashew.png,https://5.imimg.com/data5/SELLER/Default/2022/7/PP/VE/KP/70250620/anandhiya-brand-cashew-nut-product-box-with-vacuum-packing--1000x1000.png,indiamart
Gift Store,Dry Fruit Gift Pack Almonds Cashew 1kg,Local Premium,1kg,box,1250,15,1kg dry fruit gift,dry fruit 1kg,/media/catalog/local-premium-dry-fruit-gift-pack-almonds-cashew.png,https://5.imimg.com/data5/SELLER/Default/2022/7/PP/VE/KP/70250620/anandhiya-brand-cashew-nut-product-box-with-vacuum-packing--1000x1000.png,indiamart
Gift Store,Rakhi Gift Hamper Basic,Local Premium,1 set,set,299,20,Rakhi with sweets combo,"rakhi,rakhi gift",/media/catalog/local-premium-rakhi-gift-hamper-basic.jpg,https://5.imimg.com/data5/SELLER/Default/2024/7/436981195/UQ/GO/BR/132588343/mini-gift-hamper-with-rakhi-1000x1000.jpg,indiamart
Gift Store,Rakhi Gift Hamper Premium,Local Premium,1 set,set,599,15,Premium rakhi hamper,rakhi premium,/media/catalog/local-premium-rakhi-gift-hamper-premium.jpg,https://5.imimg.com/data5/SELLER/Default/2024/7/436981195/UQ/GO/BR/132588343/mini-gift-hamper-with-rakhi-1000x1000.jpg,indiamart
Gift Store,Custom Greeting Card + Chocolate,Local Premium,1 set,set,149,40,Card with mini chocolate,"greeting card,card gift",/media/catalog/local-premium-custom-greeting-card-chocolate.jpg,https://5.imimg.com/data5/SELLER/Default/2024/9/454247113/SC/YR/QF/12055421/customized-chocolate-gift-box-1000x1000.jpg,indiamart
